"de_para";"valor"
"Legado Parri-ct";"alimentacao"
"Chiquinho Sorvetes";"sorvete"
"Ame*americanascom 01/04";"americanas"
"Dl*google Google";"app-google"
"Rs Avila";"mercado"
"Pag*padariacharmosa";"padaria"
"Conectcar   *conectcar";"conectar"
"Amazon Prime Canais";"app-amazon"
"Scribd Inc";"livro"
"IOF - transaÃ§Ã£o internacional";"banco"
"Pag*laysrose-ct Silva";"comercio"
"Padaria Delicias Do P";"padaria"
"Drogaria Promofarm01/02";"farmacia"
"Atacadao 060 As";"mercado"
"Lombardi Alb Fast Food";"comercio"
"Filial Popey-ct Hoppin";"comercio"
"Burger King Shopping M";"alimentacao"
"Lojas Americ-ct  101";"americanas"
"Shopping Metro Tatuape";"shopping"
"Tasy Bijous -ct";"comercio"
"Cea Tam 330 -ct   01/02";"roupa"
"Shopping Met-ct Atuape";"shopping"
"Ejk Empreendimentos Em";"comercio"
"Produtos Globo";"app-globo"
"Mercpago*espacoceara";"alimentacao"
"Netflix.com";"app-netflix"
"Pag*autopostopacifici";"gasolina"
"Mercado Da V-ct";"comercio"
"Posto Servco-ct Nca";"carro"
"Pag*rotisser-ct Ido";"alimentacao"
"Disney Plus";"app-disney"
"Dm*spotify";"app-spotify"
"Amazon Prime Aluguel";"app-amazon"
"Hip.bergamini Lj 2";"mercado"
"Localiza Rac Mtzal01/02";"locadora-localiza"
"Oggi Sorvetes - Unidad";"sorvetes"
"Drogaria Sao Paulo 194";"farmacia"
"Posto Servconfianca";"gasolina"
"Dino Baby Eventos Infa";"roupa"
"Shopping Metro Expansa";"shopping"
"Pag*gapizzar-ct";"alimentacao"
"Alro Comercio De Alim";"comercio"
"Frigomundo Comercio De";"mercado-acougue"
"Dl*google Cloud";"plataforma-gcp"
"Sodie Parque Novo Mund";"sodie"
"Pag*gagosbrothers";"comercio"
"Posto Pe De Boi";"Roberto"
"Padaria Deli-ct  Do P";"padaria"
"Hip.bergamini Lj 201/02";"mercado"
"Supermercado Precito";"mercado"
"Amazonprimebr";"app-amazon"
"Fernando    -ct";"pessoa"
"Bate Bola Es-ct Onamen";"comercio"
"Abastec*abastece Ai";"gasolina"
"Localiza+         01/02";"locadora-localiza"
"Outlet Vila Maria 06/06";"roupa"
"Max Fama Modeling 06/12";"moda"
"Vent Vert Cn      05/06";"Vent Vert"
"Rei Do Oleo       03/03";"troca_oleo"
"Y Model           03/03";"Roberto"
"Zp          *sympl03/03";"ingresso"
"Ame*americanascom 02/02";"americanas"
"R9 Parque Nov";"escola_futebol"
"R9 Parque Nov     02/03";"escola_futebol"
"Hip.bergamini Lj 202/02";"mercado"
"Lojao Da Vil-ct";"loja_material"
"Mauro Chapol-ct";"pessoa"
"Lojao Da Vil-ct   01/02";"loja_material"
"Rick Calcados";"comercio"
"Ame*americanascom 02/04";"americanas"
"Drogaria Promofarm02/02";"farmacia"
"Cea Tam 330 -ct";"roupa"
"Cea Tam 330 -ct   02/02";"roupa"
"Localiza Rac Mtzal0";"locadora-localiza"
"Localiza Rac Mtzal02/02";"locadora-localiza"
"Localiza+         02/02";"locadora-localiza"
"Localiza+";"locadora-localiza"
"IOF - transaï¿½ï¿½o internacional";"banco"
"Centauro Sho-ct Tr01/02";"roupa"
"Hna*oboticar-ct   01/02";"boticario"
"Khelf-shop.t-ct Pe01/03";"roupa"
"Bacio Dilate Apos 10hr";"comercio"
"Ame*americanasloja";"americanas"
"Ame*americanascom 01/02";"americanas"
"Mp *espacoce-ct";"comercio"
"Banca Da Michele";"comercio"
"Estacionamen-ct Rena 7";"estacionamento"
"Shopping Center Eldora";"comercio"
"Coco Bambu Conceito Jk";"alimentacao"
"Posto Estacao Carandir";"gasolina"
"Eng Caetano Alvares";"comercio"
"Parcelamen Fatura 01/05";"parcelamentoi"
"Iof Parcelamento Fatura";"banco"
"Pg *ton Lemon Cake C";"alimentacao"
"Claudinea Carmen Antu";"pessoa"
"Centauro Ce 35    01/03";"roupa"
"Shopping Center Norte";"estacionamento"
"Dm          *spotify";"app-spotify"
"Djm Bazar Ltda    01/02";"comercio"
"Padaria E Confeitaria";"padaria"
"Pag*oggisorvetes";"sorvetes"
"Ponto Da Esf-ct";"alimentacao"
"Arizona Paes";"padaria"
"Restaurante Feijao No";"alimentacao"
"Berlinf*tuim-ct";"comercio"
"Pag*mjlcomerciode";"sodie"
"Panetteria Delicias Do";"alimentacao"
"Novo Pantera";"comercio"
"Arena Novo M-ct";"arena"
"Calcados Alfredo-l01/02";"calcados"
"Casa De Bolos Vl Sabri";"alimentacao"
"Brands";"comercio"
"Oxxo Novo Mundo";"mercado"
"Lanc E Salg Dona Ana";"alimentacao"
"Max Fama Modeling 07/12";"moda"
"Vent Vert Cn      06/06";"Vent Vert"
"R9 Parque Nov     03/03";"escola_futebol"
"Lojao Da Vil-ct   02/02";"loja_material"
"Ame*americanascom 03/04";"americanas"
"Hna*oboticar-ct   02/02";"boticario"
"Khelf-shop.t-ct Pe02/03";"roupa"
"Ame*americanascom";"americanas"
"Khelf-shop.t-ct Pe";"roupa"
"Centauro Sho-ct Tr02/02";"roupa"
"Parcelamen Fatura 02/05";"parcelamentoi"
"Centauro Ce 35";"roupa"
"Centauro Ce 35    02/03";"roupa"
"Djm Bazar Ltda    02/02";"comercio"
"Calcados Alfredo-l02/02";"calcados"
"Calcados Alfredo-lj 03";"calcados"
"Sr E Sra Unico Pasteis";"alimentacao"
"Galpao Gaucho Restaura";"alimentacao"
"Pag*allandia-ct";"comercio"
"Zaffari Pompeia";"alimentacao"
"Faz Master M Restauran";"alimentacao"
"Dl     *google Google";"plataforma-gcp"
"Kalunga V. Guilherme";"kalunga"
"Arena F V Gu-ct Rme";"arena"
"Arena F V Guilherme";"arena"
"Drogasil3462";"farmacia"
"Paes E Doces-ct Rmosa";"padaria"
"Pag*mundomeddrogaria";"comercio"
"Julio Buono";"comercio"
"Lanc E Salg -ct  Ana";"alimentacao"
"Fernandinhos Kids 01/02";"comercio"
"Pag*vendas  -ct";"comercio"
"Pag*wmodas";"roupa"
"Pg *ton Gica-ct Re";"comercio"
"Dany Modas";"comercio"
"Rotisserie Castro Juni";"alimentacao"
"Fdi Fernao Dias Drive";"comercio"
"Pimentas Doce";"comercio"
"Sushi Tucuruvi";"alimentacao"
"Rei Do Oleo       01/02";"oleo"
"Conveniencia-ct";"comercio"
"Lojas Americ-ct  5324";"americanas"
"Matriz";"comercio"
"Ze Das Plantas";"comercio"
"Roselene Sidneia Alan";"pessoa"
"Real Brasil -ct Rtes";"escola_futebol"
"Chute Inicial Cori01/02";"escola_futebol"
"Rs Avila    -ct";"mercado"
"Zagaia Eco-r*zaga 01/06";"hotel"
"Max Fama Modeling 08/12";"moda"
"Ame*americanascom 04/04";"americanas"
"Khelf-shop.t-ct Pe03/03";"roupa"
"Parcelamen Fatura 03/05";"parcelamentoi"
"Centauro Ce 35    03/03";"roupa"
"Fernandinhos Kids 02/02";"comercio"
"Rei Do Oleo       02/02";"troca_oleo"
"Chute Inicial Cori02/02";"escola_futebol"
"Zagaia Eco-r*zaga 02/06";"hotel"
"Zagaia Eco-r*zaga";"hotel"
"Bagaggio She-ct Ag01/10";"mala_viagem"
"Artemis Comercio D01/03";"comercio"
"Hurley Guarulhos  01/03";"roupa"
"M Jarouche Comerci01/03";"comercio"
"Scribd Inc";"Scribd"
"Pernambucanas     01/02";"roupa"
"Uber   *uber   *trip";"uber"
"Mp *klmcentr-ct O 01/04";"comercio"
"Extrafarma Shoppin01/02";"farmacia"
"Aluguel           01/06";"locadora-localiza"
"Auto Posto T-ct Ca";"viagem_gasolina"
"Trucao Centro De Abast";"viagem_gasolina"
"Adm Abastece N Alvorad";"viagem_gasolina"
"Posto Tatinh-ct I";"viagem_gasolina"
"Valmir Silve-ct Varga";"pessoa"
"Mercado Aria-ct";"viagem_mercado"
"Boteco Juanita";"viagem"
"Crisval Agencia De01/04";"viagem"
"Palacio Dos Sorvetes";"sorvete"
"Boca Da Onca-ct Tour";"viagem"
"Posto Da Pon-ct";"viagem_gasolina"
"Auto Posto Entre Rios";"viagem_gasolina"
"Auto Posto Limoeiro";"viagem_gasolina"
"Hotel E Pous-ct Potosi";"viagem_hotel"
"Zagaia Eco-resort";"hotel"
"Ype Supermercado";"viagem_mercado"
"Rest Lanchon-ct Entre";"viagem"
"Posto De Servicos Auto";"viagem_gasolina"
"Localiza Rac Acbhz01/03";"locadora-localiza"
"Supermercado Supremo";"viagem_mercado"
"Disney Plus";"Disney"
"Localiza - Multas Tran";"locadora-localiza"
"Chute Inicial Cori01/04";"escola_futebol"
"Max Fama Modeling 09/12";"moda"
"Parcelamen Fatura 04/05";"parcelamentoi"
"Zagaia Eco-r*zaga 03/06";"hotel"
"Artemis Comercio D02/03";"comercio"
"Hurley Guarulhos  02/03";"roupa"
"Hurley Guarulhos";"roupa"
"Bagaggio She-ct Ag02/10";"mala_viagem"
"M Jarouche Comerci02/03";"comercio"
"Bagaggio She-ct Aggio";"mala_viagem"
"Pernambucanas     02/02";"roupa"
"Mp *klmcentr-ct O 02/04";"comercio"
"Extrafarma Shopping Me";"farmacia"
"Extrafarma Shoppin02/02";"farmacia"
"Aluguel           02/06";"locadora-localiza"
"Crisval Agencia De02/04";"passeio_viagem"
"Localiza Rac Acbhz02/03";"locadora-localiza"
"Chute Inicial Cori02/04";"escola_futebol"
"Max Fama Modeling 10/12";"moda"
"Mbs Modas Ltda    03/04";"roupa"
"Cea Scn 160 Ecpc  03/03";"roupa"
"Outlet Vila Maria 02/06";"roupa"
"Rdi Kids Modinha  02/03";"roupa"
"Sonda Supermercado02/02";"mercado"
"Rdi Kids Modinha";"roupa"
"Decathlon Lar Cent02/03";"roupa"
"Max Fama Modeling 02/12";"moda"
"Dorinhos - Loja 33 - V";"roupa"
"Rosa Store Ltda   02/02";"roupa"
"Dorinhos - Loja 3302/03";"roupa"
"Drogaria Sao Paulo02/03";"farmacia"
"Biscoite Vl -ct Pia";"comercio"
"Av Guapira";"lazer"
"Abastec*aai*ipiranga";"gasolina"
"Loja Vic    -ct   01/02";"comercio"
"Tatuape Sushi";"alimentacao"
"Ponto Da Esfiha";"alimentacao"
"Amazon.com.br Digital C";"app-amazon"
"Ame*americanascom 01/03";"americanas"
"Mercadopago*bancanovomu";"comercio"
"Tokio Marine*auto10d12";"carro"
"Gaguinho";"comercio"
"Pag*pasteldateru";"alimentacao"
"Brands            01/04";"comercio"
"Pag*niwsonyoshihide";"comercio"
"Arena Novo Mundo";"lazer"
"Posto Florid-ct";"gasolina"
"Lj 3009 Centernorte Sp";"comercio"
"Charles Dogs-ct";"alimentacao"
"Pag*saboresdomilho";"alimentacao"
"Pag*franciscoestrelad";"comercio"
"Hna*oboticario    01/04";"boticario"
"Santana";"comercio"
"Vent Vert Cn      01/06";"Vent Vert"
"Torra Torra -ct   01/02";"roupa"
"Roberto Vidal Card01/03";"pessoa"
"Starbucks";"alimentacao"
"Mercadopago*-ct Coceara";"comercio"
"Massas Italianas";"alimentacao"
"Pernil & Cia";"alimentacao"
"J A Rodrigues Bici01/02";"comercio"
"Rotiserie La Rome 01/02";"alimentacao"
"Paes E Doces Charmosa";"padaria"
"King Star Colchoes08/10";"colchï¿½o"
"Parcelamen Fatura  (05/05)";"parcelamentoi"
"Zagaia Eco-r*zaga  (04/06)";"hotel"
"Hurley Guarulhos   (03/03)";"roupa"
"Bagaggio She-ct Agg(03/10)";"mala_viagem"
"Crisval Agencia De (03/04)";"passeio_viagem"
"Localiza Rac Acbhz0(03/03)";"locadora-localiza"
"Chute Inicial Corin(03/04)";"escola_futebol"
"Max Fama Modeling  (11/12)";"moda"
"Mbs Modas Ltda    04/04";"roupa"
"Outlet Vila Maria 03/06";"roupa"
"Rdi Kids Modinha  03/03";"roupa"
"Decathlon Lar Cent03/03";"roupa"
"Max Fama Modeling 03/12";"desfile"
"Dorinhos - Loja 3303/03";"roupa"
"Drogaria Sao Paulo03/03";"farmacia"
"Loja Vic    -ct   02/02";"comercio"
"Ame*americanascom 02/03";"americanas"
"Brands            02/04";"comercio"
"Hna*oboticario    02/04";"boticario"
"Roberto Vidal Cardoso";"pessoa"
"Torra Torra -ct   02/02";"roupa"
"Vent Vert Cn      02/06";"Vent Vert"
"Torra Torra -ct";"roupa"
"Vent Vert Cn";"Vent Vert"
"Roberto Vidal Card02/03";"pessoa"
"Rotiserie La Rome 02/02";"alimentacao"
"J A Rodrigues Bici02/02";"comercio"
"Atacadao 060-ct";"mercado"
"Carrefour Fvm";"mercado"
"Vila Guilherme";"comercio"
"Med Supermercado Ltda";"mercado"
"Drogaria Sao-ct Lo 194";"farmacia"
"Tokio Marine*auto11d12";"seguro"
"Rbm Supermer-ct  Ltda";"mercado"
"Mini Extra 5041 Pca N";"mercado"
"Oggi Sorvete-ct Unidad";"sorvetes"
"Raia 47           01/03";"farmacia"
"Auto Posto Casuarinas";"gasolina"
"Mini Extra 5-ct Pca N";"mercado"
"Kalunga V. Guilher01/02";"kalunga"
"Pag*pizzaria-ct Mundo";"alimentacao"
"Pag*realnovomundo";"padaria"
"Happy Kids";"roupa"
"Panetteria Novo Mundo";"alimentacao"
"Pag*djmvariedades";"comercio"
"Pag*padariac-ct Osa";"padaria"
"Aliado 2";"comercio"
"Franclau Comercio De";"comercio"
"Iof De Financiamento";"banco"
"Pag*pizzarianovomundo";"pizzaria"
"Amazon Marketplace01/02";"app-amazon"
"Pag*julianelimade";"pessoa"
"Mercadopago*espacoceara";"comercio"
"Paleteria Paulista Ltd";"alimentacao"
"Quitanda E M-ct Aria Pr";"comercio"
"Drogaria Vera Cruz01/03";"farmacia"
"Pag*allandiasdos";"pessoa"
"Encargos De Atraso";"comercio"
"Juros De Mora";"banco"
"Multa Por Atraso";"juros"
"Juros De Financiamento";"juros"
"King Star Colchoes09/10";"colchï¿½o"
"Outlet Vila Maria 04/06";"roupa"
"Max Fama Modeling 04/12";"moda"
"Ame*americanascom 03/03";"americanas"
"Brands            03/04";"comercio"
"Vent Vert Cn      03/06";"Vent Vert"
"Hna*oboticario    03/04";"boticario"
"Roberto Vidal Card03/03";"pessoa"
"Raia 47";"farmacia"
"Raia 47           02/03";"farmacia"
"Kalunga V. Guilher02/02";"kalunga"
"Amazon Marketplace02/02";"app-amazon"
"Amazon Marketplace";"app-amazon"
"Drogaria Vera Cruz";"farmacia"
"Drogaria Vera Cruz02/03";"farmacia"
"Jose Da Silva Carvalh";"pessoa"
"Lamour Cafe Prime Ltda";"alimentacao"
"Estapar*zad*sao*paulo";"estacionamento"
"Amazon.com.br Digital P";"app-amazon"
"Rei Do Oleo       01/03";"troca_oleo"
"Estancia Caipira Sp";"alimentacao"
"Localiza Rac Actie01/02";"locadora-localiza"
"Sapeka Kids";"roupa"
"3713 - Grsa Gr Pao De";"comercio"
"Auto Posto B-ct L";"posto"
"Localiza Rac Actie0";"locadora-localiza"
"Pag*xpressfoodbox";"alimentacao"
"Bruno Podero-ct Guila";"pessoa"
"Tokio Marine*auto12d12";"seguro"
"King Star Colchoes10/10";"colchao"
"Delight     -ct";"comercio"
"Rita De Sous-ct O De";"pessoa"
"Real Brasil Esportes";"escola_futebol"
"Canaa Lancho-ct  E Cas";"comercio"
"Frigomundo C-ct Cio De";"alimentacao"
"Magia Comercio Embalage";"comercio"
"Galpao Gaucho";"alimentacao"
"Rbm Supermercado Ltda";"mercado"
"Y Model           01/03";"comercio"
"Mbz Games   -ct";"comercio"
"Fc Empreendi-ct Os";"comercio"
"Espaco Livre-ct I";"comercio"
"Tatuape";"comercio"
"Zp          *sympl01/03";"ingresso"
"Pag*gueldoces";"comercio"
"Patati Patat-ct Rco Sho";"lazer"
"Sympla *igor Farias At";"comercio"
"Chiquinho So-ct Es";"sorvete"
"Sezefredo Fagundes";"comercio"
"Trupi Danubi-ct Ul";"comercio"
"Zagaia Eco-r*zaga  (06/06)";"hotel"
"Bagaggio She-ct Agg(05/10)";"mala_viagem"
"Aluguel            (05/06)";"locadora-localiza"
"Outlet Vila Maria 05/06";"roupa"
"Max Fama Modeling 05/12";"moda"
"Brands            04/04";"comercio"
"Hna*oboticario    04/04";"boticario"
"Vent Vert Cn      04/06";"Vent Vert"
"Raia 47           03/03";"farmacia"
"Drogaria Vera Cruz03/03";"farmacia"
"Rei Do Oleo       02/03";"troca_oleo"
"Localiza Rac Actie02/02";"locadora-localiza"
"Y Model           02/03";"comercio"
"Zp          *sympl02/03";"comercio"
"Centro Automotivo Pet";"comercioa"
"Mp*sushivilmaria";"comercio"
"Pag*pastelda-ct";"alimentacao"
"Marcelo Naok-ct Yan";"comercio"
"Chefinhos Pastelaria";"alimentacao"
"Carrefour Sp-ct";"mercado"
"Bp Crf Tiete-ct";"comercio"
"Netpark";"comercio"
"Pag*dlyrioco-ct Coes";"comercio"
"Kalunga Tatu-ct";"kalunga"
"Axe Brasil";"comercio"
"Roasted Pota-ct  Suco";"comercio"
"Bella Italia";"comercio"
"R9 Parque Nov     01/03";"escola_futebol"
"Ryma Mini Mercado E Pa";"comercio"
"Center Carnes Universa";"alimentacao"
"SABESP      3082129325";"sabesp"
"ELECTRONRS AVILA";"mercado"
"ELECTRONREAL BRASIL";"escola_futebol"
"ELECTRONSUPERMERCAD";"mercado"
"ELECTRONPADARIA DEL";"padaria"
"ELECTRONPAG*Rosilen";"feira-alho"
"ELECTRONPONTO DA ES";"alimentacao"
"ELECTRONPAG*OrielPe";"feira-frutas"
"ELECTRONBABANAS VIT";"feira-frutas"
"ELECTRONPG *TON FEI";"feira-legumes"
"ELECTRONPAG*CassioA";"feira-tapioca"
"ELECTRONPAG*Robinso";"feira-frango"
"ELECTRONPAG*CarlosD";"feira"
"ELECTRONBANCA DA MI";"comercio"
"DA  CLARO MOVEL 46827963";"claro"
"DA  CLARO MOVEL 46827990";"claro"
"Max Fama Modeling  (12/12)";"moda"
"Zagaia Eco-r*zaga  (05/06)";"hotel"
"Mp *klmcentr-ct O  (04/04)";"comercio"
"Aluguel            (04/06)";"locadora-localiza"
"Bagaggio She-ct Agg(04/10)";"mala_viagem"
"Chute Inicial Corin(04/04)";"escola_futebol"
"Crisval Agencia De (04/04)";"passeio_viagem"
"TAR PACOTE ITAU   JUL/23";"banco"
"IOF";"Taxa_banco"
"MOBILEPAG TIT BANCO 237";"boleto"
"ELECTRONMAGAZINE DO";"comercio"
"PIX TRANSF  LUCIANO04/08";"alimentacao"
"ELECTRONROSE FEIRAN";"feira-frutas"
"CXE     004499 SAQUE";"saque"
"CXE 002162 SAQUE 05/08";"saque"
"ELECTRONFRIGOMUNDO";"mercado-acougue"
"ELECTRONHIP BERGAMI";"mercado"
"ELECTRONPAG*Padaria";"padaria"
"PIX TRANSF  Matheus06/08";"feijoada"
"ELECTRONORIEL PEREI";"feira-frutas"
"PIX TRANSF  erlonds09/08";"cabeleireiro"
"SEGURO CARTAO";"banco"
"ELECTRONPANETTERIA";"padaria"
"PIX TRANSF  FGR COM11/08";"pix"
"DEB AUTOR UNICEF";"ajuda"
"ELECTRONATACADAO 06";"mercado"
"PIX QRS ORION INSTI12/08";"roupa"
"ELECTRONPAG*SANDROC";"feira"
"INT ITAU VISA";"cartao"
"ELECTRONVALDENICIO";"pessoa"
"ELECTRONPAG*Antonie";"feira-pano"
"ELECTRONPAG*pasteld";"alimentacao"
"ELECTRONMARCELO NAO";"comercio"
"ELECTRONPAG*ALLANDI";"comercio"
"PIX TRANSF  IMW 3 R16/08";"igreja"
"PIX TRANSF  LUCIANO16/08";"alimentacao"
"DA  ELETROPAULO 11701161";"luz"
"ELECTRONPAG*GuelDoc";"comercio"
"ELECTRONPAG*Pizzari";"alimentacao"
"PIX TRANSF  LUCIANO18/08";"alimentacao"
"DA  NET SERVICOS 5680788";"net"
"PIX TRANSF  Matheus19/08";"feijoada"
"ELECTRONPAG*Rodrigo";"feira-ovos"
"ELECTRONPAG*VictorH";"alimentacao"
"ELECTRONROTISSERIE";"alimentacao"
"ELECTRONPAG*JoseAdr";"feira-frutas"
"ELECTRONPAG*Misslei";"feira-legumes"
"ELECTRONPERTO SA";"transporte_pub"
"ELECTRON001";"comercio"
"PIX TRANSF  FGR COM22/08";"pix"
"DA  COMGAS 51448254";"gas"
"FINANC IMOBILIARIO   017";"financiamento"
"ELECTRONDROGARIA SA";"farmacia"
"ELECTRONGALPAO GAUC";"alimentacao"
"PIX TRANSF  LUCIANO31/08";"alimentacao"
"INT  PAG TIT BANCO 237";"boleto"
"ELECTRONMINI EXTRA";"mercado"
"CXE 000653 SAQUE 08/04";"saque"
"PIX TRANSF  LUCIANO11/04";"pessoa"
"ELECTRONARLINDO VAL";"pessoa"
"PIX TRANSF  ABILIO 12/04";"pessoa"
"PIX TRANSF  LUCIANO12/04";"pessoa"
"PIX TRANSF  ROGERIO12/04";"pipoca"
"CXE     000406 SAQUE";"saque"
"doce";"alimentacao"
"PIX TRANSF  LUCIANO17/04";"pessoa"
"ELECTRONPAG*Robinso";"feira-frango"
"ELECTRONCALDO MANAB";"alimentacao"
"ELECTRONANTONIO CHI";"feira-pastel"
"PIX QRS PORTOSEG SA17/04";"seguro"
"ELECTRONARENA F V G";"futebol"
"PIX TRANSF  Michele17/04";"pessoa"
"PIX TRANSF  ROGERIO19/04";"pipoca"
"APM - Creche Eloha";"creche"
"FINANC IMOBILIARIO   013";"financiamento"
"PIX TRANSF  Monica 21/04";"pessoa"
"PIX TRANSF  LUCIANO25/04";"pessoa"
"PIX TRANSF  JULIANE25/04";"pessoa"
"PIX TRANSF  REAL BR26/04";"escola_futebol"
"PIX TRANSF  REAL BR11/11";"escola_futebol"
"PIX TRANSF  REAL BR16/10";"futebol_amigos"
"PIX TRANSF  ANDRE N27/04";"transferencia"
"PIX TRANSF  ANDRE N28/04";"transferencia"
"PIX TRANSF  ANDRE N30/11";"transferencia"
"PIX TRANSF  ROGERIO27/04";"pipoca"
"PIX TRANSF  Bruno C28/04";"pessoa"
"PIX TRANSF  TAMINIE28/04";"pessoa"
"estacionamento";"estacionamento"
"TAR PACOTE ITAU   ABR/23";"banco"
"PIX TRANSF  IMW 3 R04/05";"igreja"
"JUROS LIMITE DA CONTA";"juros"
"ELECTRONPAG*Rodrigo";"feira"
"ELECTRONBANANAS CLI";"alimentacao"
"PIX TRANSF  erlonds09/05";"cabeleireiro"
"PIX TRANSF  LUCIANO09/05";"futebol"
"PIX TRANSF  ROGERIO09/05";"pipoca"
"PIX TRANSF  IMW 3 R11/05";"igreja"
"PIX TRANSF  LUCIANO12/05";"alimentacao"
"PIX TRANSF  LUCIANO13/05";"alimentacao"
"ELECTRONPAG*LUCASVI";"feira-frutas"
"ELECTRONPAG*Robinso";"feira"
"PIX TRANSF  REAL BR15/05";"escola_futebol"
"ELECTRONMP*MANOEL";"feira"
"ELECTRONCLEVENICE F";"consumo"
"ELECTRONPAG*Misslei";"feira"
"PIX QRS LOJA ELECTR17/05";"eletrolux"
"PIX QRS PORTOSEG SA18/05";"portoseguro"
"SAQUE 24H 821097573";"saque"
"ELECTRONARENA NOVO";"quadra"
"ELECTRONPAG*Rosilen";"feira"
"ELECTRONCARREFOUR B";"mercado"
"PIX TRANSF  IMW 3 R20/05";"igreja"
"ELECTRONPAG*LuizaDe";"alimentacao"
"ELECTRONORIEL PEREI";"feira-frutas"
"ELECTRONPG *TON FEI";"feira"
"ELECTRONTHIEMI HORT";"feira-ovos"
"INT SIMPLES NACIONA 0708";"boleto"
"FINANC IMOBILIARIO   014";"financiamento"
"PIX QRS SHPP B I P 24/05";"pix web"
"PIX QRS Pizzaria No26/05";"alimentacao"
"ELECTRONS L BENFICA";"alimentacao"
"PIX TRANSF  ALINE B29/05";"pessoa"
"CXE 000836 SAQUE 27/05";"saque"
"TAR PACOTE ITAU   MAI/23";"banco"
"PIX TRANSF  Mayara 02/06";"pipoca"
"PIX TRANSF  erlonds02/06";"cabeleireiro"
"PIX TRANSF  ROGERIO05/06";"pipoca"
"PIX TRANSF  JULIANE03/06";"pessoa"
"PIX TRANSF  IMW 3 R04/06";"igreja"
"PIX TRANSF  Cristia04/06";"pessoa"
"PIX TRANSF  PIZZARI03/06";"alimentacao"
"ELECTRONRENATO GOME";"pessoa"
"ELECTRONPAG*Doceria";"consumo"
"PIX TRANSF  LUCIANO08/06";"futebol"
"PIX QRS ARENA FUTEB10/06";"futebol"
"PIX QRS Shopee12/06";"shopee"
"ELECTRONMP*ALEXFRUT";"feira"
"PIX TRANSF  JADIEL 10/06";"pessoa"
"ELECTRONPAG*CarlosD";"feira"
"PIX TRANSF  REAL BR13/06";"escola_futebol"
"SAQUE 24H 116870093";"saque"
"PIX TRANSF  LUCIANO14/06";"alimentacao"
"PIX TRANSF  IMW 3 R16/06";"igreja"
"ELECTRONPAG*Marinal";"pessoa"
"ELECTRONJOSE RUBIVA";"pessoa"
"ELECTRONDJM BAZAR L";"comercio"
"PIX QRS SHPP B I P 20/06";"pix web"
"PIX TRANSF  ROGERIO21/06";"pipoca"
"FINANC IMOBILIARIO   015";"financiamento"
"ELECTRONMAIK GUSHI";"pessoa"
"PIX TRANSF  IMW 3 R25/06";"igreja"
"PIX TRANSF  Matheus24/06";"alimentacao"
"ELECTRONGEORGE S TO";"pessoa"
"PIX TRANSF  LUCIANO24/06";"futebol"
"PIX QRS PORTOSEG SA27/06";"portoseguro"
"PIX TRANSF  erlonds27/06";"cabeleireiro"
"PIX TRANSF  LUCIANO27/06";"alimentacao"
"PIX TRANSF  Matheus01/07";"alimentacao"
"PIX TRANSF  IMW 3 R01/07";"igreja"
"ELECTRONMATRIZ";"lazer"
"ELECTRONBOX CAR";"comercio"
"ELECTRONGABRIELA PO";"pessoa"
"PIX TRANSF  NIRLEY 02/07";"futebol"
"TAR PACOTE ITAU   JUN/23";"banco"
"INT IPVA-SP HOH-6396";"multa"
"PIX QRS Drogaria Sa06/07";"farmacia"
"PIX TRANSF  Crisval06/07";"viagem"
"PIX TRANSF  IMW 3 R07/07";"igreja"
"ELECTRON001";"mercado"
"ELECTRONJULIO BUONO";"comercio"
"ELECTRONLUIZ ANTONI";"alimentacao-feijoada"
"PIX TRANSF  LUCIANO07/07";"futebol"
"PIX TRANSF  REAL BR07/07";"escola_futebol"
"ELECTRONLANCHONETE";"alimentacao"
"PIX TRANSF  Matheus08/07";"alimentacao"
"ELECTRONPAG*WmgEsta";"pessoa"
"ELECTRONOGGI SORVET";"alimentacao-sorvete"
"ELECTRONPAG*Arqueni";"pessoa"
"ELECTRONPAG*Antonio";"feira-banana"
"ELECTRONPAG*Claudio";"feira"
"ELECTRONOXXO NOVO M";"mercado"
"ELECTRONPLAYSIZE";"roupa"
"ELECTRONMISSLEINE M";"feira"
"PIX TRANSF  CLAUDIO08/07";"viagem"
"PIX TRANSF  Paola O11/07";"pessoa"
"PIX QRS AMERICANAS 12/07";"americanas"
"ELECTRONINTERNACION";"shopping"
"ELECTRONPERNAMBUCAN";"pernambucanas"
"ELECTRONNEO GEO FAM";"lazer"
"ELECTRONGUARULHOS S";"consumo"
"ELECTRONSILVIO NAKA";"pessoa"
"ELECTRONBANANA SPLI";"alimentacao"
"ELECTRONHOSP H9J VA";"alimentacao"
"ELECTRONSALGADO E A";"alimentacao"
"ELECTRONMAY BUSTANI";"comercio"
"PIX TRANSF  LUCIANO13/07";"alimentacao"
"PIX QRS PAGSMILE14/07";"investimento"
"ELECTRONREI DO OLEO";"carro"
"ELECTRONCHURRASCARI";"alimentacao"
"ELECTRONTALISMA CAS";"comercio"
"ELECTRONROZILAINE S";"feira"
"ELECTRONMCB COMERCI";"comercio"
"ELECTRONLEO COSMETI";"comercio"
"ELECTRONARIZONA PAE";"padaria"
"ELECTRONADM ABASTEC";"consumo"
"PIX QRS AMERICANAS 15/07";"americanas"
"ELECTRONRAIA 47";"farmacia"
"ELECTRONHOTEL ITAVE";"viagem_hotel"
"ELECTRONRODO STOP";"comercio"
"ELECTRONCOMITIVA GR";"viagem"
"PIX QRS ORION INSTI18/07";"roupa"
"ELECTRONCRISVAL AGE";"viagem"
"ELECTRONIVANE VANZE";"comercio"
"ELECTRONBOCA DA ONC";"viagem"
"ELECTRONZAGAIA ECO-";"viagem_hotel"
"ELECTRONS S P";"comercio"
"FINANC IMOBILIARIO   016";"financiamento"
"PIX QRS B2W COMPANH22/07";"americanas"
"ELECTRONSANTANA DRI";"comercio"
"PIX TRANSF  JULIANE22/07";"pessoa"
"PIX TRANSF  Matheus22/07";"alimentacao"
"PIX TRANSF  ANDRE N23/07";"investimento"
"PIX QRS PORTOSEG SA23/07";"porto_seguro"
"PIX QRS PAGSMILE24/07";"investimento"
"PIX QRS B2W COMPANH25/07";"americanas"
"ELECTRONCOMERCIAL N";"comercio"
"ELECTRONNIELLY NATH";"pessoa"
"ELECTRONPAG*Alexand";"pessoa"
"PIX TRANSF  Matheus29/07";"alimentacao"
"ELECTRONFRUTAS SERG";"feira-frutas"
"ELECTRONPAG*Antonie";"pessoa"
"TAR PACOTE ITAU   DEZ/22";"banco"
"INT  PAG TIT BANCO 001";"boleto"
"ELECTRONBANANAS ANA";"feira-banana"
"ELECTRONPAG*Antonia";"pessoa"
"ELECTRONCANAA LANCH";"alimentacao"
"SAQUE 24H 741367725";"saque"
"INT PAG TIT 109006482085";"boleto"
"PIX TRANSF  REAL BR13/01";"pix"
"PIX QRS ARENA FUTEB13/01";"pix"
"PIX TRANSF  IMW 3 R16/01";"igreja"
"ELECTRONPG *TON BAR";"comercio"
"ELECTRONMARCELO NAO";"pessoa"
"PIX TRANSF  IMW 3 R15/01";"igreja"
"ELECTRONJOSE ADRIAN";"pessoa"
"FINANC IMOBILIARIO   010";"financiamento"
"ELECTRONMERCADOPAGO";"mercado"
"ELECTRONBANANAS ANA";"feira-banana"
"SAQUE 24H 16975633";"saque"
"PIX QRS Mc Donalds 23/01";"alimentacao"
"PIX TRANSF  NIRLEY 26/01";"pessoa"
"MOBILEPAG TIT BANCO 001";"boleto"
"ELECTRONPAG*JMFRUTA";"feira"
"CXE 000372 SAQUE 28/01";"saque"
"PIX TRANSF  IMW 3 R01/02";"igreja"
"PIX TRANSF  LUCIANO02/02";"alimentacao"
"TAR PACOTE ITAU   JAN/23";"banco"
"ELECTRONPAG*Mundome";"consumo"
"CXE 000232 SAQUE 04/02";"saque"
"PIX TRANSF  LUCIANO04/02";"futebol"
"PIX QRS CASA LOTERI06/02";"transporte"
"PIX TRANSF  POUPETR06/02";"pix"
"PIX TRANSF  REAL BR07/02";"escola_futebol"
"ELECTRONFDI FERNAO";"comercio"
"INT PAG TIT 109006507485";"boleto"
"PIX TRANSF  IMW 3 R12/02";"igreja"
"INT PAG TIT 109006507493";"boleto"
"PIX TRANSF  IMW 3 R16/02";"igreja"
"ELECTRONFRUTAS SUPR";"feira"
"ELECTRONPAG*NiwsonY";"pessoa"
"PIX TRANSF  IGREJA 22/02";"igreja"
"ELECTRONPAG*AndreBr";"feira"
"PIX TRANSF  IMW 3 R21/02";"igreja"
"FINANC IMOBILIARIO   011";"financiamento"
"CXE 000091 SAQUE 25/02";"saque"
"PIX TRANSF  NIRLEY 25/02";"pessoa"
"ELECTRONSALAO AMIGO";"cabeleireiro"
"PIX TRANSF  ROGERIO01/03";"pix"
"TAR PACOTE ITAU   FEV/23";"banco"
"CXE     000695 SAQUE";"saque"
"PIX TRANSF  LUCIANO03/03";"alimentacao"
"ELECTRONNEW CENTER";"comercio"
"PIX TRANSF  ROGERIO03/03";"pipoca"
"CXE 000208 SAQUE 04/03";"saque"
"PIX TRANSF  FELIPE 06/03";"pix"
"PIX TRANSF  ROGERIO07/03";"pipoca"
"PIX TRANSF  IMW 3 R07/03";"igreja"
"PIX QRS ARENA FUTEB08/03";"futebol"
"PIX TRANSF  LUCIANO10/03";"alimentacao"
"PIX TRANSF  LUCIANO10/10";"futebol"
"PIX TRANSF  REAL BR10/03";"escola_futebol"
"CXE 000323 SAQUE 11/03";"saque"
"PIX TRANSF  IMW 3 R12/03";"igreja"
"PIX TRANSF  FELIPE 14/03";"pix"
"PIX TRANSF  LUCIANO16/03";"alimentacao"
"PIX TRANSF  IMW 3 R16/03";"igreja"
"PIX TRANSF  JULIANE18/03";"pessoa"
"PIX TRANSF  ROGERIO22/03";"pipoca"
"FINANC IMOBILIARIO   012";"financiamento"
"PIX TRANSF  erlonds24/03";"cabeleireiro"
"PIX TRANSF  LUCIANO24/03";"alimentacao"
"INT PAG TIT 109501011564";"boleto"
"CXE 000034 SAQUE 25/03";"saque"
"PIX TRANSF  IMW 3 R26/03";"igreja"
"PIX TRANSF  ROGERIO30/03";"pipoca"
"PIX TRANSF  IMW 3 R30/03";"igreja"
"PIX TRANSF  IMW 3 R02/04";"igreja"
"PIX QRS ARENA FUTEB02/04";"futebol"
"TAR PACOTE ITAU   MAR/23";"banco"
"PIX TRANSF  ROGERIO04/04";"pipoca"
"PIX TRANSF  CARLOS 04/04";"pessoa"
"Fgr Comercio-ct   01/03";"Fgr"
"Google Cloud 98nxrw";"plataforma-gcp"
"M Jarouche Comercio(03/03)";"M"
"Artemis Comercio De(03/03)";"Artemis"
"Mp *klmcentr-ct O  (03/04)";"Mp"
"Aluguel            (03/06)";"Aluguel"
"Fgr Comercio-ct    (02/03)";"Fgr"
"Pag*geraldot-ct Atova";"Pag"
"ELECTRONBAZAR PAPEL";"papelaria"
"PIX TRANSF  TARCISI02/09";"TARCISI"
"ELECTRONPG *TON JOS";"PG"
"ELECTRONVALDEMAR HE";"VALDEMAR"
"PIX TRANSF  IMW 3 R03/09";"igreja"
"Fgr Comercio-ct    (03/03)";"Fgr"
"PIX QRS PORTOSEG SA23/08";" PORTOSEG SA"
"PIX TRANSF  ANDRE N24/08";"investimento"
"PIX TRANSF  IMW 3 R24/08";"igreja"
"PIX QRS PAGSMILE25/08";"investimento"
"ELECTRONHOKIM SUPER";"HOKIM"
"ELECTRONCONDOMINIO";"CONDOMINIO"
"ELECTRONFGN COML LT";"FGN"
"ELECTRONSWEET";"SWEET"
"PIX QRS SHPP BRASIL31/08";"SHPP BRASIL"
"PIX TRANSF  IMW 3 R31/08";"igreja"
"PIX TRANSF  NIRLEY 31/08";"NIRLEY"
"compras";"compras"
"ELECTRONBOM BAIANO";"alimentacao"
"ELECTRONPAG*AutoPos";"AutoPos"
"ELECTRONPAG*Lidiane";"Lidiane"
"ELECTRONVALDOMIRO M";"passeio_parque_eco"
"ELECTRONJOFIX 3";"material_construcao_banheiro"
"ELECTRONPAG*MjlCome";"sodie"
"ELECTRONPAG*Crispin";"feira"
"ELECTRONPLAYCENTER";"lazer"
"ELECTRONPAG*Olimpio";"feira"
"ELECTRONPAG*PATRICI";"loja"
"ELECTRONSO MARCAS E";"loja"
"ELECTRONB LA MILETT";"alimentacao"
"ELECTRON3723 - GRSA";"alimentacao"
"ELECTRONGARAGE INN";"estacionamento"
"ELECTRONPRECIOSA G";"padaria"
"ELECTRONPAG*Mariana";"feira"
"PIX TRANSF  HILEIA 13/10";"alimentacao"
"PIX TRANSF  JULIANE04/10";"alimentacao"
"ELECTRONAMORIM COME";"alimentacao"
"ADIANT.DEPOSITANTE 25/10";"pessoa"
"ELECTRONPILOTINHOS";"loja"
"ELECTRONPAG*Barueri";"alimentacao"
"PIX TRANSF  Cristia14/10";"feira"
"PIX TRANSF  DORALIC27/10";"dora"
"PIX TRANSF  DORALIC19/10";"dora"
"ELECTRONOMF COBRANC";"cobranca"
"JUROS EXCESSO LIM CONTA";"juros"
"ELECTRON1A99";"loja"
"ELECTRONPAG*Josisma";"pessoa"
"ELECTRONPAG*Jaciara";"pessoa"
"compras";"loja"
"ELECTRONJV CONVENIE";"loja"
"ELECTRONAUTTAR LOJA";"loja"
"ELECTRONCAPPTA *ULT";"loja"
"PIX TRANSF  DORALIC21/09";"dora"
"ELECTRONPOSTO SERVC";"gasolina"
"PIX TRANSF  ALINE B20/09";"pessoa"
"PIX TRANSF  HILEIA 14/10";"pessoa"
"PIX QRS CLARO06/11";"claro"
"PIX TRANSF  ERALDO 15/09";"pessoa"
"PIX QRS PODEROSO TI19/09";"presente"
"PIX QRS SECRETARIA 11/09";"imposto"
"ELECTRONEDIMILSON V";"pessoa"
"ELECTRONIMW VILA ME";"igreja"
"ELECTRONPAG*EdvaneN";"feira"
"ELECTRONPAG*SALAOAM";"cabeleireiro"
"ELECTRONPAG*WmVerdu";"feira-verdura"
"MOBILEPAG TIT 7492331840";"banco"
"ELECTRONCLARO INT G";"claro"
"ELECTRONPAG*Reginal";"feira"
"ELECTRONCALDOS MANA";"alimentacao"
"ELECTRONMP*FLORDOMA";"feira"
"PIX QRS CEA PAY20/11";"roupa"
"ELECTRONGRUPO FARTU";"loja"
"ELECTRONLOJAS AMERI";"americanas"
"ELECTRONPUNTO ALPHA";"loja"
"PIX TRANSF  DORALIC23/11";"dora"
"ELECTRONCLUBE REAL";"alimentacao"
"ELECTRONPAG*JoseAbr";"pessoa"
"ELECTRONPAG*JoseEst";"pessoa"
"ELECTRONVANDEILDO B";"pessoa"
"PIX TRANSF  ALESSAN30/11";"advogado"
"PIX TRANSF  Erinald30/11";"pessoa"
"ELECTRONMARY PAPER";"loja"
"ELECTRONPAG*JoseSev";"pessoa"
"ELECTRONPAG*ArianaD";"pessoa"
"ELECTRONPALMAS DO T";"padaria"
"ELECTRONRAMOV TRIMA";"alimentacao"
"ELECTRONAUTO ELETRI";"carro"
"ELECTRONGRJ NEGOCIO";"alimentacao"
"ELECTRONPAG*Shoppin";"loja"
"PIX TRANSF  Bruna G07/12";"panetone"
"PIX TRANSF  MARIA A07/12";"presente-luis"
"ELECTRONBURGER KING";"alimentacao"
"PIX TRANSF  Jessika08/12";"alimentacao"
"ELECTRONPAG*SEBASTI";"feira"
"ELECTRONPAG*Cassioa";"feira-tapioca"
"ELECTRONPERFUMARIA";"loja"
"PIX TRANSF  MARGARI16/12";"pix"
"ELECTRONBAUDUCCO";"panetone"
"ELECTRONPAG*Luciana";"comercio"
"ELECTRONPOSTO NOVA";"comercio"
"ELECTRONPAG*Simoneg";"feira"
"ELECTRONPAG*RogerVi";"feira"
"PIX TRANSF  Erinald11/12";"feira"
"ELECTRONRITA DE SOU";"comercio"
"ELECTRONALOHA ESTAC";"estacionamento"
"ELECTRONMERLO'S PIZ";"alimentacao"
"PIX TRANSF  Jessika15/12";"alimentacao"
"ELECTRONFERNANVI LA";"comercio"
"PIX QRS PARCELA EXP20/12";"pix"
"ELECTRONMP*ORIEL";"feira-frutas"
"ELECTRONRAVIOLITALI";"alimentacao"
"ELECTRONKERO LANCHE";"alimentacao"
"ELECTRONNATURA PAY*";"michelle"
"ELECTRONISABELLA BI";"comercio"
"ELECTRONAXE TATUAPE";"comercio"
"ELECTRONGUARU SPORT";"comercio"
"PIX QRS CEA PAY11/12";"roupa"
"PIX QRS CLARO15/12";"claro"
"PIX TRANSF  SECRETA11/12";"pix"
"ELECTRONARMARINHOS";"comercio"
"ELECTRONCASAS PERNA";"pernambucanas"
"ELECTRONPAG*Barraca";"feira"
"ELECTRONPAG*ZEDOMIL";"feira"
"ELECTRONTOTAL ECONO";"gasolina"
"ELECTRONJ R CAFE";"padaria"
"PIX TRANSF  Bianca 04/01";"feira"
"ELECTRONPAG*HudsonS";"feira"
"INT MULTA REN31997756838";"multa"
"ELECTRONFGR COMERCI";"mecanico-frg"
"ELECTRONBB TRANSPOR";"transporte_pub"
"ELECTRONRHF";"alimentacao"
"PIX TRANSF  FAGNO B10/01";"pedreiro"
"PIX TRANSF  ZIMER E10/01";"futebol"
"ELECTRONCAFE NA MED";"alimentacao"
"ELECTRONJK MINI MER";"mercado"
"PIX QRS ELECTROLUX11/01";"refil"
"PIX TRANSF  KAREN O11/01";"alimentacao"
"ELECTRONPAG*Moliky";"alimentacao"
"ELECTRONPAG*NinaBol";"alimentacao"
"PIX TRANSF  FABIANE12/01";"alimentacao"
"ELECTRONAUTO POSTO";"gasolina"
"ELECTRONDISTRIBUIDO";"alimentacao"
"ELECTRONLOJAS RENNE";"roupa"
"ELECTRONPAG*Alexsan";"alimentacao"
"ELECTRONPAG*JoaoApa";"alimentacao"
"ELECTRONPG *TON BAH";"alimentacao"
"ELECTRONSABOR TEM A";"alimentacao"
"DA  CLARO MOVEL 66459258";"claro"
"PIX TRANSF  ELIZABE16/01";"emprestimo"
"INT IPVA-SPHOH6396PARC01";"ipva"
"ELECTRONPAG*BrassSa";"alimentacao"
"ELECTRONSELMA DE SO";"alimentacao"
"PIX TRANSF  DORALIC18/01";"dora"
"ELECTRONKALUNGA IGU";"kalung"
"ELECTRONMANIA DE CH";"alimentacao"
"ELECTRONPAG*SucaoSu";"alimentacao"
"ELECTRONPCA N MUNDO";"mercado"
"PIX TRANSF  JURANDI20/01";"casamento"
"ELECTRONPAG*Juliane";"alimentacao"
"ELECTRONFAST SHOES";"roupa"
"ELECTRONIGREJA METO";"igreja"
"PIX TRANSF  LUCIANO10/01";"futebol"
"PIX TRANSF  EMBRYO 30/01";"transporte_pub"
"ELECTRONSACOLAO PIM";"mercado"
"PIX TRANSF  LUCIANO03/02";"futebol"
"PIX TRANSF  Antonio03/02";"feira-banana"
"PIX TRANSF  NATALIA05/02";"alimentacao-gelinho"
"ELECTRONACAI FORMOS";"alimentacao-acai"
"PIX QRS POSTO DE SE12/02";"gasolina"
"ELECTRONPAG*Rufusin";"alimentacao-trailler"
"PIX QRS iFood11/02";"ifood"
"PIX TRANSF  Leonard13/02";"futebol"
"ELECTRONBAR E LANCH";"alimentacao"
"ELECTRONPAG*JoseElm";"flores"
"ELECTRONPAG*Mavani";"mecanico-uehara"
"ELECTRONANDORINHA H";"mercado"
"ELECTRONGRANO ITALI";"alimentacao"
"PIX TRANSF  MICHELE16/02";"igreja-evangelismo"
"PIX QRS Fernanda da17/02";"alimentacao-parque"
"ELECTRONPAG*Gueldoc";"alimentacao-metro"
"ELECTRONLINDT  SPRU";"alimentacao-chocolate"
"ELECTRONMERCADO ARA";"mercado"
"ELECTRONMR CHENEY C";"alimentacao-ckoockies"
"PIX QRS JOSE SEVERI25/02";"alimentacao-gelinho"
"PIX TRANSF  Ricardo23/02";"comercio-metro"
"PIX TRANSF  Rogerio23/02";"comercio-metro"
"ELECTRONPAG*GlendaD";"feira"
"PIX QRS Gustavo Hen23/02";"comercio"
"ELECTRONMP*MIXACESS";"comercio"
"ELECTRONNUTRINOVA K";"comercio"
"PIX QRS Tuna Pagame01/03";"alimentacao-burguer"
"PIX QRS LRS - PIZZA03/03";"alimentacao-pizzanomonte"
"PIX QRS CANTINA ERI03/03";"alimentacao-cafenomonte"
"ELECTRONCENTRO AUTO";"gasolina"
"PIX TRANSF  ELIZABE03/03";"emprestimo"
"PIX TRANSF  Joadson05/03";"futebol"
"ELECTRONTK SABRINA";"lojaesportes"
"ELECTRONABALA CN";"alimentacao-doces"
"ELECTRONATELIER JUN";"casamento"
"ELECTRONCHIQUINHO S";"alimentacao-sorvete"
"ELECTRONMALURA ALIM";"alimentacao-shopmaniachurrasco"
"ELECTRONACEROLA E A";"gasolina"
"ELECTRONAUTOPISTA F";"pedagio"
"ELECTRONAUTOPISTA F";"pedagio"
"ELECTRONFUMIKO KOSE";"alimentacao-almocodomingoberingela"
"PIX TRANSF  THAYNA 10/03";"casamento"
"ELECTRONBAR DO ALEM";"alimentacao-almoco"
"ELECTRONSHOPPING IG";"alimentacao-agua"
"ELECTRONUNIDAS LOCA";"locadora"
"PIX TRANSF  DORALIC13/03";"dora"
"PIX TRANSF  Erinald13/03";"alimentacao-praia"
"ELECTRONPOSTO 4 IRM";"gasolina"
"PIX QRS ADELY SILVA14/03";"alimentacao-praia"
"PIX QRS 52386368 SE14/03";"alimentacao-praia"
"PIX TRANSF  JESSICA14/03";"alimentacao-praia"
"ELECTRONASSAI ATACA";"mercado"
"ELECTRONFORTE FARMA";"farmacia"
"ELECTRONMP*MARIA";"alimentacao-praia"
"ELECTRONALUGUEL LOC";"locadora"
"ELECTRONCAROL SORVE";"alimentacao-praia"
"ELECTRONGRAAL TRES";"gasolina"
"ELECTRONKNL SORVETE";"alimentacao-praia"
"ELECTRONMP*FOTOGRAF";"passeio"
"ELECTRONNEW MANIA C";"alimentacao-conveniencia"
"ELECTRONPAG*CarlaFe";"alimentacao-praia"
"ELECTRONPAG*ErikaCr";"alimentacao-praia"
"ELECTRONPAG*Gelsonb";"alimentacao-praia"
"ELECTRONPAG*Karolyn";"alimentacao-praia"
"ELECTRONPORTAL DAS";"gasolina"
"ELECTRONRODOSNACK I";"alimentacao-graal"
"ELECTRONSUPERMERC P";"mercado"
"PIX QRS PATRICIA SI17/03";"alimentacao-praiaaçai"
"PIX QRS PATRICIA SI17/03";"alimentacao-praiaaçai"
"PIX TRANSF  ELIZABE18/03";"emprestimo"
"PIX TRANSF  KAUA CU16/03";"estacionamento-praia"
"PIX TRANSF  NAYANA 17/03";"alimentacao-praia"
"PIX TRANSF  Rogerio16/03";"alimentacao-praia"
"PIX TRANSF  RICARDO17/03";"brinquedo-praia"
"PIX TRANSF  SEVERIN17/03";"alimentacao-praia"
"PIX TRANSF  ELIZABE03/03";"emprestimo"
"ELECTRONBacio di La";"alimentacao-sorvete"
"ELECTRONPAG*Pkf";"feira-ovos"
"ELECTRONPG *TON CAS";"feira-tapioca"
"ELECTRONVERA CLEMEN";"feira"
"PIX TRANSF  ANDRE N23/03";"uber"
"PIX QRS MOBIAUTO ED26/03";"app-mobiauto"
"ELECTRONDROGARIA PR";"farmacia"
"ELECTRONGAGUINHO";"mercado"
"ELECTRONCARTORIO DE";"cartorio"
"ELECTRONPORTEIRA DO";"alimentacao-agua"
"PIX QRS ANDRE NASCI02/04";"inter"
"PIX TRANSF  ANDRE N02/04";"picpay"
"ELECTRONEMPORIO DO";"alimentacao"
"ELECTRONPAG*ThiemiC";"feira"
"ELECTRONPAG*Robsonr";"feira"
"ELECTRONWALQUIRIA C";"cosmeticos"
"ELECTRONCINEMARK TA";"cinema"
"PIX TRANSF  EMBRYO 08/04";"transporte_pub"
"TBI 9293.22915-0";"poupanca"
"PIX QRS Tuna Pagame05/04";"alimentacao-burguer"
"PIX TRANSF  HENRIQU09/04";"shopmetro"
"ELECTRONPAG*LaysRos";"mercado"
"ELECTRONQUITANDA E";"mercado"
"ELECTRONASL BANCA";"alimentacao"
"ELECTRONKIBUTS";"alimentacao-almoco"
"ELECTRONNM PIZZARIA";"alimentacao"
"ELECTRONPAG*MariaDo";"alimentacao"
"ELECTRONMERLO S";"alimentacao-almoco"
"ELECTRONDAISO BRASI";"alimentacao-almoco"
"PIX TRANSF  ELIZABE18/04";"emprestimo"
"ELECTRONPAULO DE FR";"consertotv"
"ELECTRONPAG*Luciano";"alimentacao-restaurante"
"ELECTRONPLAYLAND -";"lazer"
"PIX TRANSF  ANDRE N03/05";"recargapay"
"ELECTRONFLAMENGO";"alimentacao"
"ELECTRONFLAMENGO";"alimentacao"
"ELECTRONPAG*RaizesM";"alimentacao"
"ELECTRONPAG*ReiDoQu";"alimentacao"
"ELECTRONBR2 BARUERI";"alimentacao"
"ELECTRONCARISTOFARM";"farmacia"
"ELECTRONEMPORIO IDE";"alimentacao"
"ELECTRONMP*LUISRONN";"alimentacao"
"PIX TRANSF  DORALIC25/04";"dora"
"PIX TRANSF  EMBRYO 25/04";"transporte_pub"
"PIX TRANSF  LUIZ AN25/04";"alimentacao"
"Iugu*catho        03/03";"catho"
"Unidas Locadora Sa02/09";"locadora-unidas"
"Unidas Locadora Sa";"locadora-unidas"
"Unidas Locadora Qt02/03";"locadora-unidas"
"Unidas Locadora Qti1";"locadora-unidas"
"Turbi";"locadora-turbi"
"Turbi";"locadora-turbi"
"Seg Cartao Protegido";"banco"
"Dlocal*google Cloud 7cx";"plataforma-gcp"
"Aws Brazil";"plataforma-aws"
"Scribd *589796495";"app-livro"
"Scribd *589796495";"app-livro"
"Dlocal*google Cloud 9tg";"plataforma-gcp"
"Seg Cartao Protegido";"banco"
"Scribd *589796495";"app-livro"
"Scribd *589796495";"app-livro"
"Seg Cartao Protegido";"banco"
"Unidas Locadora Sa (03/09)";"locadora-unidas"
"Unidas Locadora Qti(03/03)";"locadora-unidas"
"Credito Prog De Pontos";"credito"
"Scribd *589796495";"app-livro"
"Seg Cartao Protegido";"banco"
"Unidas Locadora Qti1";"locadora-unidas"
"Iugu*catho        02/03";"catho"
"Iugu*catho        01/03";"catho"
"The Walt Disney Company";"app-disney"
"Unidas Locadora Qt01/03";"locadora-unidas"
"Unidas Locadora Sa01/09";"locadora-unidas"
"ELECTRONMERCADO GAG";"mercado"
"PIX TRANSF  IGREJA 10/05";"igreja"
"ELECTRONPAG*DivineP";"alimentacao-sodie"
"ELECTRONPEG MAIS";"alimentacao"
"PIX TRANSF  EMBRYO 13/05";"transporte_pub"
"ELECTRONCREMA COFFE";"alimentacao"
"ELECTRONPAG*DivineP";"alimentacao-sodie"
"ELECTRONPAG*IreneHe";"alimentacao"
"PIX TRANSF  LUIZ AN14/05";"alimentacao-almoco"
"ELECTRONPAG*AmandaP";"comercio"
"ELECTRONPAG*JoseCar";"comercio"
"PIX TRANSF  ELIZABE21/05";"emprestimo"
"PIX TRANSF  Severin21/05";"comercio-metrocordaocartao"
"ELECTRONMAGIA";"mercado-embalagens"
"PIX TRANSF  EMBRYO 23/05";"transporte_pub"
"PIX TRANSF  DEBORA 26/05";"feira-tempero"
"PIX TRANSF  ANDRE N31/05";"transporte_pub"
"PIX TRANSF  Wesley 31/05";"comercio-metro"
"ELECTRONMARILCE POS";"alimentacao-churrascarianamorados"
"ELECTRONTEFER";"alimentacao"
"ELECTRONCARREFOUR X";"mercado"
"ELECTRONRAMOV TUCUR";"alimentacao-shopmetro"
"PIX TRANSF  DORALIC13/06";"dora"
"PIX TRANSF  Jesus E13/06";"shopmetro-livro"
"ELECTRONRAMOV TUCUR";"alimentacao-shopmetro"
"ELECTRONRYMA MINI M";"alimentacao-bancadejornal"
"PIX TRANSF  MARCELO14/06";"ajuda-pastorparedes"
"PIX TRANSF  Rafael 14/06";"ajuda"
"Unidas Locadora Sa03/09";"locadora-unidas"
"Unidas Locadora Sa04/09";"locadora-unidas"
"Unidas Locadora Qt03/03";"locadora-unidas"
"Catho 01/03";"catho"
"Catho 02/03";"catho"
"Catho";"catho"
"Unidas Locadora Sa04/09";"locadora-unidas"
"Google Cloud 7hxwtw";"plataforma-gcp"
"ELECTRONSHOPPING TU";"alimentacao-barracametro"
"PIX TRANSF  ANDRE N16/06";"picpay"
"ELECTRONBOMBONIERE";"alimentacao"
"ELECTRONPAG*Celiope";"alimentacao-milhopqnovomundo"
"ELECTRONDA PRACA ZO";"mercado"
"ELECTRONDROGARIA E";"farmacia"
"ELECTRONMP*GILMAR15";"alimentacao-futebol"
"ELECTRONPAG*Maza";"alimentacao-futebol"
"ELECTRONPAG*RenatoT";"alimentacao-futebol"
"PIX TRANSF  ANDRE N23/06";"uber"
"PIX TRANSF  Thyago 23/06";"uber"
"ELECTRONF P F  DIST";"mercado"
"PIX QRS WENYU JIN26/06";"presente-michelle"
"PIX TRANSF  Carlos 26/06";"alimentacao"
"ELECTRONPG *TON CHU";"escola_futebol"
"PIX TRANSF  Bruna S01/07";"uber"
"PIX QRS RENATA BARB06/07";"presente-renata"
"ELECTRONMINI MERCAD";"mercado"
"ELECTRONARFCO";"mercado"
"ELECTRONMP*LOJASABR";"celular"
"ELECTRONJOSY BIJOUX";"presente"
"ELECTRONLOJAO DA VI";"presente"
"PIX QRS CINEMARK BR14/07";"lazer"
"ELECTRONCEA SCN 160";"roupa"
"ELECTRONCARREFOUR E";"mercado"
"ELECTRONGOURMET EXP";"alimentacao-almocotrampo"
"PIX TRANSF  BRAUNZ 20/07";"alimentacao-retaurante"
"PIX QRS CALCADOS AL20/07";"roupa"
"PIX TRANSF  Silvio 20/07";"feira-morangovilsabrina"
"ELECTRONSORVETERIA";"alimentacao-sorvete"
"ELECTRONARENA SANTA";"alimentacao-futebolsamuel"
"PIX TRANSF  SILAS M23/07";"alimentacao-chocolatemetro"
"PIX TRANSF  SIMONE 26/07";"alimentacao-gelinho"
"PIX QRS Mc Donalds 02/08";"alimentacao-mcdonadls"
"ELECTRONCIRLENE APA";"alimentacao-boloestacao"
"ELECTRONKratus";"transporte_pub"
"ELECTRONReginaldoca";"alimentacao-milhoestacao"
"PIX QRS ANDRE NASCI06/08";"inter"
"ELECTRONLUZ BOLOS C";"alimentacao-bolos"
"ELECTRONRAGAZZO";"alimentacao-metro"
"ELECTRONCarlosDiyod";"feira-tempero"
"ELECTRONRobinson";"feira-frango"
"ELECTRONJoseAdriano";"feira"
"ELECTRONNICE VERDUR";"feira-verdura"
"ELECTRONPkf";"feira-ovos"
"ELECTRONCAMPEAO FAR";"feira-tapioca"
"PIX TRANSF EMBRYO 06/08";"transporte_pub"
"PIX TRANSF  ANDRE N06/08";"nomad"
"ELECTRONREGINALDOCA";"feira"
"ELECTRONKRATUS";"feira"
"MOBILE PAG TIT BANCO 237";"boleto"
"PIX TRANSF  DENILZA10/08";"presente-escolaindia"
"ELECTRONJOSEADRIANO";"feira"
"ELECTRONROBINSON";"feira-frango"
"ELECTRONCARLOSDIYOD";"feira-tempero"
"ELECTRONPKF";"feira"
"MOBILE PAG TIT BANCO 461";"escola_futebol"
"PIX QRS LOJA ELECTR15/08";"eletrolux"
"PIX TRANSF  ELIZABE15/08";"emprestimo"
"PIX TRANSF  DORALIC15/08";"dora"
"ELECTRONPG *TON BER";"celular-bateria"
"ELECTRONSTADIUM FOO";"alimentacao-tapioca"
"ELECTRONBUENOS BAR";"alimentacao-almoco"
"ELECTRONEMPADA BRAS";"alimentacao-cafe"
"PIX TRANSF  DENISE 16/08";"alimentacao-gceudenise"
"ELECTRONRosileneDaS";"feira-alho"
"PIX TRANSF ANDRE N06/08";"nomad"
"PIX TRANSF  DENILZA10/08";"presente-escolaindia"
"MOBILEPAG TIT BANCO 461";"escola_futebol"
"ELECTRONGueldoces";"padaria"
"ELECTRONMARIA CELIA";"alimentacao-cafe"
"PIX TRANSF  FABIO L23/08";"alimentacao-bolo"
"PIX TRANSF  Jeferso23/08";"alimentacao-milho"
"ELECTRONOrielPereir";"feira-frutas"
"PIX TRANSF  LUCIANO02/09";"pessoal"
"PIX TRANSF  Rafael 06/09";"rafael"
"PIX TRANSF  DORALIC10/09";"dora"
"PIX TRANSF  Luan Pa10/09";"presente-metro"
"ELECTRONBicoMateria";"material_construcao_banheiro"
"ELECTRONHOPI HARI";"lazer-hopihari"
"ELECTRONDivinePadar";"alimentacao-sodie"
"ELECTRONGIGA ATACAD";"mercado"
"ELECTRONPadariaChar";"padaria"
"ELECTRONICE 4U GELA";"alimentacao-shopping"
"ELECTRONSHOPPING ME";"alimentacao-shopping"
"ELECTRONMundomedDro";"farmacia"
"ELECTRONSHOPPING BA";"alimentacao-shopping"
"PIX TRANSF  Donavil17/09";"alimentacao-caldo"
"ELECTRONEdufrutas";"feira-ferutas"
"ELECTRONKUNIKO KOHA";"feira-pastel"
"PIX TRANSF  Dilza S14/09";"feira"
"PIX TRANSF  Erlon J18/09";"cabeleireiro"
"ELECTRONTROPICAL DO";"feira"
"PIX TRANSF  LUCIANO20/09";"escola_futebol"
"Netflix Entretenimento";"app-netflix"
"Dl *google Cloud 3";"plataforma-gcp"
"ELECTRONAlexandreDo";"comercio"
"ELECTRONMP*MERCADOR";"comercio"
"ELECTRONMP*SOLTEIRI";"comercio"
"ELECTRON37 679 935";"comercio"
"PIX TRANSF  LUCIANO10/11";"futebol"
"PIX TRANSF  ANDRE N29/09";"picpay"
"PIX QRS BEIJO DE FR01/10";"alimentacao-bolometro"
"PIX QRS Simone Apar03/10";"alimentacao-gelinho"
"PIX TRANSF  50.865.03/10";"escola_futebol-fotos"
"ELECTRONMOLEQUE PER";"alimentacao-docesevangelismo"
"ELECTRONBETTER";"alimentacao-metrodoacao"
"ELECTRONJosismarMor";"padaria"
"ELECTRONPATRICIAPER";"feira-tempero"
"ELECTRONRobsonHonor";"padaria"
"ELECTRONLucianoBarb";"feira-limao"
"ELECTRONRESTAURANTE";"alimentacao-almoco"
"ELECTRONPAES E DOCE";"padaria"
"ELECTRONMUNDOMED DR";"farmacia"
"ELECTRONGagosBrothe";"lazer-nivereloah"
"ELECTRONKEKALA ARIC";"lazer-nivereloah"
"ELECTRONSHOPPING CE";"lazer-nivereloah"
"ELECTRONWRV ARICAND";"lazer-nivereloah"
"PIX QRS Rihappy14/10";"presente-nivereloah"
"ELECTRONBrialeUnifo";"comercio"
"PIX TRANSF  Carlos 17/10";"comercio"
"ELECTRONBarracaDoCu";"comercio"
"ELECTRONPERTO";"transporte_pub"
"ELECTRONPERTO";"transporte_pub"
"ELECTRONPERTO";"transporte_pub"
"PIX TRANSF  LUIZ AN21/10";"comercio"	
"PIX TRANSF  ANDRE N22/10";"picpay"
"ELECTRONAdrianaDaSi";"alimentacao"
"PIX TRANSF  ANDRE N26/10";"picpay"
"PIX TRANSF  ANDRE N01/11";"picpay"
"ELECTRONCINEMARK SH";"lazer-cinema"
"ELECTRONSANTANA";"alimentacao-mcdonalds"
"ELECTRONYOGGI";"comercio"
"ELECTRONCARISTO FAR";"farmacia"
"PIX QRS Brunorte Ex06/11";"correio-manaus"
"ELECTRONMERLOS PIZZ";"alimentacao-almoco"
"ELECTRONThiemiComer";"alimentacao"
"ELECTRONHAVANNA - T";"alimentacao-cafe"
"ELECTRONSMT SPORT L";"roupa"
"ELECTRONJOAO KOBASH";"feira"
"ELECTRONALLANDIASDO";"comercio"
"ELECTRONMonicaMaria";"comercio"
"ELECTRONMP*ESPACOCE";"comercio"
"ELECTRONNUVEMDOCES";"comercio"
"ELECTRONRodrigoNune";"comercio"
"PIX TRANSF  Real Br18/11";"futebol"
"PIX TRANSF  ANA MAR21/11";"alimentacao-igreja"
"PIX TRANSF  Carlos 20/11";"pessoa"
"ELECTRONALLANDIASDO";"comercio"
"ELECTRONCENTAURO";"chuteira"
"ELECTRONCASA DE BOL";"alimentacao-bolos"
"PIX QRS Uber24/11";"transporte-uber"
"PIX TRANSF  REAL BR16/11";"futebol_amigos"
"PIX TRANSF  REAL BR16/10";"futebol_amigos"
"PIX TRANSF  REAL BR16/10";"futebol_amigos"